-- Prepare Data
INSERT INTO [Customers] (CustomerId, FName,LName,Location,ZipCode,Gender,Age,IncomeBand) VALUES(1, 'JOHN', 	'WATT', 	'PUNE', '411057', 'M', 38, 5)
INSERT INTO [Customers] (CustomerId, FName,LName,Location,ZipCode,Gender,Age,IncomeBand) VALUES(2, 'BRETT', 'ANDERSON', 'PUNE', '411058', 'M', 30, 4)
INSERT INTO [Customers] (CustomerId, FName,LName,Location,ZipCode,Gender,Age,IncomeBand) VALUES(3, 'NITIN', 'SINGH', 	'PUNE', '411059', 'M', 31, 3)
INSERT INTO [Customers] (CustomerId, FName,LName,Location,ZipCode,Gender,Age,IncomeBand) VALUES(4, 'BHUMIKA','CHAWLA', 	'PUNE', '411060', 'F', 26, 4)
INSERT INTO [Customers] (CustomerId, FName,LName,Location,ZipCode,Gender,Age,IncomeBand) VALUES(5, 'JEEVAN','DESAI', 	'PUNE', '411039', 'M', 30, 5)
INSERT INTO [Customers] (CustomerId, FName,LName,Location,ZipCode,Gender,Age,IncomeBand) VALUES(6, 'VINOD', 'JOSHI', 	'PUNE', '411040', 'M', 39, 2)
INSERT INTO [Customers] (CustomerId, FName,LName,Location,ZipCode,Gender,Age,IncomeBand) VALUES(7, 'AZAR', 	'BHALADAR', 'PUNE', '411027', 'M', 38, 1)
INSERT INTO [Customers] (CustomerId, FName,LName,Location,ZipCode,Gender,Age,IncomeBand) VALUES(8, 'ADAM', 	'MELVIN', 	'PUNE', '411037', 'M', 35, 2)
INSERT INTO [Customers] (CustomerId, FName,LName,Location,ZipCode,Gender,Age,IncomeBand) VALUES(9, 'GUEN',	'LAMONG', 	'PUNE', '411047', 'M', 34, 1)
INSERT INTO [Customers] (CustomerId, FName,LName,Location,ZipCode,Gender,Age,IncomeBand) VALUES(10,'GIRISH','GAIKWAD', 	'PUNE', '411057', 'M', 33, 3)
	
INSERT INTO [ComplaintsRecorded] (CustomerId,ChannelCode,ComplaintId,ComplaintDescription,SatisfactionalLevel) VALUES(2, 2, 1, 'ISSUES IN PRODUCTS 1', 'SATISFIED')
INSERT INTO [ComplaintsRecorded] (CustomerId,ChannelCode,ComplaintId,ComplaintDescription,SatisfactionalLevel) VALUES(1, 1, 2, 'ISSUES IN PRODUCTS 2', 'DISSATISFIED')
INSERT INTO [ComplaintsRecorded] (CustomerId,ChannelCode,ComplaintId,ComplaintDescription,SatisfactionalLevel) VALUES(3, 3, 3, 'ISSUES IN PRODUCTS 3', 'DISSATISFIED')
INSERT INTO [ComplaintsRecorded] (CustomerId,ChannelCode,ComplaintId,ComplaintDescription,SatisfactionalLevel) VALUES(4, 4, 4, 'ISSUES IN PRODUCTS 4', 'SATISFIED')
INSERT INTO [ComplaintsRecorded] (CustomerId,ChannelCode,ComplaintId,ComplaintDescription,SatisfactionalLevel) VALUES(5, 5, 5, 'ISSUES IN PRODUCTS 5', 'DISSATISFIED')
INSERT INTO [ComplaintsRecorded] (CustomerId,ChannelCode,ComplaintId,ComplaintDescription,SatisfactionalLevel) VALUES(6, 6, 6, 'ISSUES IN PRODUCTS 6', 'SATISFIED')
INSERT INTO [ComplaintsRecorded] (CustomerId,ChannelCode,ComplaintId,ComplaintDescription,SatisfactionalLevel) VALUES(7, 7, 7, 'ISSUES IN PRODUCTS 7', 'DISSATISFIED')
INSERT INTO [ComplaintsRecorded] (CustomerId,ChannelCode,ComplaintId,ComplaintDescription,SatisfactionalLevel) VALUES(8, 8, 8, 'ISSUES IN PRODUCTS 8', 'SATISFIED')
INSERT INTO [ComplaintsRecorded] (CustomerId,ChannelCode,ComplaintId,ComplaintDescription,SatisfactionalLevel) VALUES(9, 9, 9, 'ISSUES IN PRODUCTS 9', 'DISSATISFIED')
INSERT INTO [ComplaintsRecorded] (CustomerId,ChannelCode,ComplaintId,ComplaintDescription,SatisfactionalLevel) VALUES(10,10,10,'ISSUES IN PRODUCTS 10','DISSATISFIED')
	
INSERT INTO [PaymentsInLoanProducts] (CustomerId,ProdCode,TransactionId,PaymentAmount,PaymentDate,DueDateSliped,InterestApplied) VALUES(2, 'LP1', 2, 1000501,'2019-03-04', 0, 0)
INSERT INTO [PaymentsInLoanProducts] (CustomerId,ProdCode,TransactionId,PaymentAmount,PaymentDate,DueDateSliped,InterestApplied) VALUES(1, 'LP2', 1, 1040001,'2019-03-01', 1, 1)
INSERT INTO [PaymentsInLoanProducts] (CustomerId,ProdCode,TransactionId,PaymentAmount,PaymentDate,DueDateSliped,InterestApplied) VALUES(3, 'LP3', 3, 1000001,'2019-03-06', 1, 1)
INSERT INTO [PaymentsInLoanProducts] (CustomerId,ProdCode,TransactionId,PaymentAmount,PaymentDate,DueDateSliped,InterestApplied) VALUES(4, 'LP4', 4, 1000101,'2019-03-07', 1, 0)
INSERT INTO [PaymentsInLoanProducts] (CustomerId,ProdCode,TransactionId,PaymentAmount,PaymentDate,DueDateSliped,InterestApplied) VALUES(5, 'LP5', 5, 1000001,'2019-03-04', 1, 1)
INSERT INTO [PaymentsInLoanProducts] (CustomerId,ProdCode,TransactionId,PaymentAmount,PaymentDate,DueDateSliped,InterestApplied) VALUES(6, 'LP6', 6, 1000001,'2019-03-04', 0, 0)
INSERT INTO [PaymentsInLoanProducts] (CustomerId,ProdCode,TransactionId,PaymentAmount,PaymentDate,DueDateSliped,InterestApplied) VALUES(7, 'LP7', 7, 1100001,'2019-03-10', 1, 1)
INSERT INTO [PaymentsInLoanProducts] (CustomerId,ProdCode,TransactionId,PaymentAmount,PaymentDate,DueDateSliped,InterestApplied) VALUES(8, 'LP8', 8, 1400001,'2019-03-14', 1, 0)
INSERT INTO [PaymentsInLoanProducts] (CustomerId,ProdCode,TransactionId,PaymentAmount,PaymentDate,DueDateSliped,InterestApplied) VALUES(9, 'LP9', 9, 1004500,'2019-03-13', 1, 1)
INSERT INTO [PaymentsInLoanProducts] (CustomerId,ProdCode,TransactionId,PaymentAmount,PaymentDate,DueDateSliped,InterestApplied) VALUES(10,'LPT',10,100070 ,'2019-03-17', 1, 1)
	
INSERT INTO [CustomerExitStatus] (CustomerId,AsOfDate,ExitFlag)	VALUES(2, '2019-03-04','0')
INSERT INTO [CustomerExitStatus] (CustomerId,AsOfDate,ExitFlag)	VALUES(1, '2019-03-01','1')
INSERT INTO [CustomerExitStatus] (CustomerId,AsOfDate,ExitFlag)	VALUES(3, '2019-03-06','1')
INSERT INTO [CustomerExitStatus] (CustomerId,AsOfDate,ExitFlag)	VALUES(4, '2019-03-07','0')
INSERT INTO [CustomerExitStatus] (CustomerId,AsOfDate,ExitFlag)	VALUES(5, '2019-03-04','1')
INSERT INTO [CustomerExitStatus] (CustomerId,AsOfDate,ExitFlag)	VALUES(6, '2019-03-04','0')
INSERT INTO [CustomerExitStatus] (CustomerId,AsOfDate,ExitFlag)	VALUES(7, '2019-03-10','1')
INSERT INTO [CustomerExitStatus] (CustomerId,AsOfDate,ExitFlag)	VALUES(8, '2019-03-14','0')
INSERT INTO [CustomerExitStatus] (CustomerId,AsOfDate,ExitFlag)	VALUES(9, '2019-03-13','1')
INSERT INTO [CustomerExitStatus] (CustomerId,AsOfDate,ExitFlag)	VALUES(10,'2019-03-17','1')
	
INSERT INTO [OutstandingBalanceInDepositProducts] (CustomerId,DepositProdCode,AvailableBalance,AsOfDate) VALUES(2, 'DP1', 1000501,'2019-03-04')
INSERT INTO [OutstandingBalanceInDepositProducts] (CustomerId,DepositProdCode,AvailableBalance,AsOfDate) VALUES(1, 'DP2', 1040001,'2019-03-01')
INSERT INTO [OutstandingBalanceInDepositProducts] (CustomerId,DepositProdCode,AvailableBalance,AsOfDate) VALUES(3, 'DP3', 1000001,'2019-03-06')
INSERT INTO [OutstandingBalanceInDepositProducts] (CustomerId,DepositProdCode,AvailableBalance,AsOfDate) VALUES(4, 'DP4', 1000101,'2019-03-07')
INSERT INTO [OutstandingBalanceInDepositProducts] (CustomerId,DepositProdCode,AvailableBalance,AsOfDate) VALUES(5, 'DP5', 1000001,'2019-03-04')
INSERT INTO [OutstandingBalanceInDepositProducts] (CustomerId,DepositProdCode,AvailableBalance,AsOfDate) VALUES(6, 'DP6', 1000001,'2019-03-04')
INSERT INTO [OutstandingBalanceInDepositProducts] (CustomerId,DepositProdCode,AvailableBalance,AsOfDate) VALUES(7, 'DP7', 1100001,'2019-03-10')
INSERT INTO [OutstandingBalanceInDepositProducts] (CustomerId,DepositProdCode,AvailableBalance,AsOfDate) VALUES(8, 'DP8', 1400001,'2019-03-14')
INSERT INTO [OutstandingBalanceInDepositProducts] (CustomerId,DepositProdCode,AvailableBalance,AsOfDate) VALUES(9, 'DP9', 1004500,'2019-03-13')
INSERT INTO [OutstandingBalanceInDepositProducts] (CustomerId,DepositProdCode,AvailableBalance,AsOfDate) VALUES(10,'DPT',100070 ,'2019-03-17')
	
INSERT INTO [OutstandingBalanceInLoanProducts] (CustomerId,LoanProdCode,OutstandingBalance,AsOfDate) VALUES(2, 'LP1', 1000501,'2019-03-04')
INSERT INTO [OutstandingBalanceInLoanProducts] (CustomerId,LoanProdCode,OutstandingBalance,AsOfDate) VALUES(1, 'LP2', 1040001,'2019-03-01')
INSERT INTO [OutstandingBalanceInLoanProducts] (CustomerId,LoanProdCode,OutstandingBalance,AsOfDate) VALUES(3, 'LP3', 1000001,'2019-03-06')
INSERT INTO [OutstandingBalanceInLoanProducts] (CustomerId,LoanProdCode,OutstandingBalance,AsOfDate) VALUES(4, 'LP4', 1000101,'2019-03-07')
INSERT INTO [OutstandingBalanceInLoanProducts] (CustomerId,LoanProdCode,OutstandingBalance,AsOfDate) VALUES(5, 'LP5', 1000001,'2019-03-04')
INSERT INTO [OutstandingBalanceInLoanProducts] (CustomerId,LoanProdCode,OutstandingBalance,AsOfDate) VALUES(6, 'LP6', 1000001,'2019-03-04')
INSERT INTO [OutstandingBalanceInLoanProducts] (CustomerId,LoanProdCode,OutstandingBalance,AsOfDate) VALUES(7, 'LP7', 1100001,'2019-03-10')
INSERT INTO [OutstandingBalanceInLoanProducts] (CustomerId,LoanProdCode,OutstandingBalance,AsOfDate) VALUES(8, 'LP8', 1400001,'2019-03-14')
INSERT INTO [OutstandingBalanceInLoanProducts] (CustomerId,LoanProdCode,OutstandingBalance,AsOfDate) VALUES(9, 'LP9', 1004500,'2019-03-13')
INSERT INTO [OutstandingBalanceInLoanProducts] (CustomerId,LoanProdCode,OutstandingBalance,AsOfDate) VALUES(10,'LPT',100070 ,'2019-03-17')
	
INSERT INTO [TransactionHistoryInDepositProducts] (CustomerId,TransactionId,DepositProdCode,TransactionalAmount,TransactionDate) VALUES(2, 2, 'DP1', 1000501,'2019-03-04')
INSERT INTO [TransactionHistoryInDepositProducts] (CustomerId,TransactionId,DepositProdCode,TransactionalAmount,TransactionDate) VALUES(1, 1, 'DP2', 1040001,'2019-03-01')
INSERT INTO [TransactionHistoryInDepositProducts] (CustomerId,TransactionId,DepositProdCode,TransactionalAmount,TransactionDate) VALUES(3, 3, 'DP3', 1000001,'2019-03-06')
INSERT INTO [TransactionHistoryInDepositProducts] (CustomerId,TransactionId,DepositProdCode,TransactionalAmount,TransactionDate) VALUES(4, 4, 'DP4', 1000101,'2019-03-07')
INSERT INTO [TransactionHistoryInDepositProducts] (CustomerId,TransactionId,DepositProdCode,TransactionalAmount,TransactionDate) VALUES(5, 5, 'DP5', 1000001,'2019-03-04')
INSERT INTO [TransactionHistoryInDepositProducts] (CustomerId,TransactionId,DepositProdCode,TransactionalAmount,TransactionDate) VALUES(6, 6, 'DP6', 1000001,'2019-03-04')
INSERT INTO [TransactionHistoryInDepositProducts] (CustomerId,TransactionId,DepositProdCode,TransactionalAmount,TransactionDate) VALUES(7, 7, 'DP7', 1100001,'2019-03-10')
INSERT INTO [TransactionHistoryInDepositProducts] (CustomerId,TransactionId,DepositProdCode,TransactionalAmount,TransactionDate) VALUES(8, 8, 'DP8', 1400001,'2019-03-14')
INSERT INTO [TransactionHistoryInDepositProducts] (CustomerId,TransactionId,DepositProdCode,TransactionalAmount,TransactionDate) VALUES(9, 9, 'DP9', 1004500,'2019-03-13')
INSERT INTO [TransactionHistoryInDepositProducts] (CustomerId,TransactionId,DepositProdCode,TransactionalAmount,TransactionDate) VALUES(10,10,'DPT',100070 ,'2019-03-17')
	
INSERT INTO [Products] (CustomerId,ProdCode,IsActive,AsOfDate)	VALUES(2, 'DP1', 1, '2019-03-04')
INSERT INTO [Products] (CustomerId,ProdCode,IsActive,AsOfDate)  VALUES(1, 'DP2', 1, '2019-03-01')
INSERT INTO [Products] (CustomerId,ProdCode,IsActive,AsOfDate)  VALUES(3, 'DP3', 1, '2019-03-06')
INSERT INTO [Products] (CustomerId,ProdCode,IsActive,AsOfDate)  VALUES(4, 'DP4', 1, '2019-03-07')
INSERT INTO [Products] (CustomerId,ProdCode,IsActive,AsOfDate)  VALUES(5, 'DP5', 1, '2019-03-04')
INSERT INTO [Products] (CustomerId,ProdCode,IsActive,AsOfDate)  VALUES(6, 'DP6', 1, '2019-03-04')
INSERT INTO [Products] (CustomerId,ProdCode,IsActive,AsOfDate)  VALUES(7, 'DP7', 1, '2019-03-10')
INSERT INTO [Products] (CustomerId,ProdCode,IsActive,AsOfDate)  VALUES(8, 'DP8', 1, '2019-03-14')
INSERT INTO [Products] (CustomerId,ProdCode,IsActive,AsOfDate)  VALUES(9, 'DP9', 1, '2019-03-13')
INSERT INTO [Products] (CustomerId,ProdCode,IsActive,AsOfDate)  VALUES(10,'DPT', 1, '2019-03-17')
INSERT INTO [Products] (CustomerId,ProdCode,IsActive,AsOfDate)	VALUES(2, 'LP1', 1, '2019-03-04')
INSERT INTO [Products] (CustomerId,ProdCode,IsActive,AsOfDate)  VALUES(1, 'LP2', 1, '2019-03-01')
INSERT INTO [Products] (CustomerId,ProdCode,IsActive,AsOfDate)  VALUES(3, 'LP3', 1, '2019-03-06')
INSERT INTO [Products] (CustomerId,ProdCode,IsActive,AsOfDate)  VALUES(4, 'LP4', 1, '2019-03-07')
INSERT INTO [Products] (CustomerId,ProdCode,IsActive,AsOfDate)  VALUES(5, 'LP5', 1, '2019-03-04')
INSERT INTO [Products] (CustomerId,ProdCode,IsActive,AsOfDate)  VALUES(6, 'LP6', 1, '2019-03-04')
INSERT INTO [Products] (CustomerId,ProdCode,IsActive,AsOfDate)  VALUES(7, 'LP7', 1, '2019-03-10')
INSERT INTO [Products] (CustomerId,ProdCode,IsActive,AsOfDate)  VALUES(8, 'LP8', 1, '2019-03-14')
INSERT INTO [Products] (CustomerId,ProdCode,IsActive,AsOfDate)  VALUES(9, 'LP9', 1, '2019-03-13')
INSERT INTO [Products] (CustomerId,ProdCode,IsActive,AsOfDate)  VALUES(10,'LPT',1, '2019-03-17')
	

-- INSERT INTO [ProductsApplicationStatus] (CustomerId,ProdCode,ApplicationStatus,AppliedDate)	VALUES(2, 'DP1', 'A' , '2018-01-04')
-- INSERT INTO [ProductsApplicationStatus] (CustomerId,ProdCode,ApplicationStatus,AppliedDate) VALUES(1, 'DP2', 'A' , '2018-01-01')
-- INSERT INTO [ProductsApplicationStatus] (CustomerId,ProdCode,ApplicationStatus,AppliedDate) VALUES(3, 'DP3', 'A' , '2018-01-06')
-- INSERT INTO [ProductsApplicationStatus] (CustomerId,ProdCode,ApplicationStatus,AppliedDate) VALUES(4, 'DP4', 'A' , '2018-01-07')
-- INSERT INTO [ProductsApplicationStatus] (CustomerId,ProdCode,ApplicationStatus,AppliedDate) VALUES(5, 'DP5', 'A' , '2018-01-04')
-- INSERT INTO [ProductsApplicationStatus] (CustomerId,ProdCode,ApplicationStatus,AppliedDate) VALUES(6, 'DP6', 'A' , '2018-01-04')
-- INSERT INTO [ProductsApplicationStatus] (CustomerId,ProdCode,ApplicationStatus,AppliedDate) VALUES(7, 'DP7', 'A' , '2018-01-10')
-- INSERT INTO [ProductsApplicationStatus] (CustomerId,ProdCode,ApplicationStatus,AppliedDate) VALUES(8, 'DP8', 'A' , '2018-01-14')
-- INSERT INTO [ProductsApplicationStatus] (CustomerId,ProdCode,ApplicationStatus,AppliedDate) VALUES(9, 'DP9', 'A' , '2018-01-13')
-- INSERT INTO [ProductsApplicationStatus] (CustomerId,ProdCode,ApplicationStatus,AppliedDate) VALUES(10,'DPT','A' , '2018-01-17')
INSERT INTO [ProductsApplicationStatus] (CustomerId,ProdCode,ApplicationStatus,AppliedDate)	VALUES(2, 'LP1', 'A' , '2018-01-04')
INSERT INTO [ProductsApplicationStatus] (CustomerId,ProdCode,ApplicationStatus,AppliedDate) VALUES(1, 'LP2', 'A' , '2018-01-01')
INSERT INTO [ProductsApplicationStatus] (CustomerId,ProdCode,ApplicationStatus,AppliedDate) VALUES(3, 'LP3', 'A' , '2018-01-06')
INSERT INTO [ProductsApplicationStatus] (CustomerId,ProdCode,ApplicationStatus,AppliedDate) VALUES(4, 'LP4', 'A' , '2018-01-07')
INSERT INTO [ProductsApplicationStatus] (CustomerId,ProdCode,ApplicationStatus,AppliedDate) VALUES(5, 'LP5', 'A' , '2018-01-04')
INSERT INTO [ProductsApplicationStatus] (CustomerId,ProdCode,ApplicationStatus,AppliedDate) VALUES(6, 'LP6', 'A' , '2018-01-04')
INSERT INTO [ProductsApplicationStatus] (CustomerId,ProdCode,ApplicationStatus,AppliedDate) VALUES(7, 'LP7', 'A' , '2018-01-10')
INSERT INTO [ProductsApplicationStatus] (CustomerId,ProdCode,ApplicationStatus,AppliedDate) VALUES(8, 'LP8', 'A' , '2018-01-14')
INSERT INTO [ProductsApplicationStatus] (CustomerId,ProdCode,ApplicationStatus,AppliedDate) VALUES(9, 'LP9', 'A' , '2018-01-13')
INSERT INTO [ProductsApplicationStatus] (CustomerId,ProdCode,ApplicationStatus,AppliedDate) VALUES(10,'LPT','A' , '2018-01-17')
		
	
INSERT INTO [SentimentAnalysisScores] (CustomerId,ChannelCode,AsOfDate,Score) VALUES(1, 1, '2019-03-04', 80)
INSERT INTO [SentimentAnalysisScores] (CustomerId,ChannelCode,AsOfDate,Score) VALUES(2, 2, '2019-03-01', 81)
INSERT INTO [SentimentAnalysisScores] (CustomerId,ChannelCode,AsOfDate,Score) VALUES(3, 3, '2019-03-06', 96)
INSERT INTO [SentimentAnalysisScores] (CustomerId,ChannelCode,AsOfDate,Score) VALUES(4, 4, '2019-03-07', 93)
INSERT INTO [SentimentAnalysisScores] (CustomerId,ChannelCode,AsOfDate,Score) VALUES(5, 5, '2019-03-04', 91)
INSERT INTO [SentimentAnalysisScores] (CustomerId,ChannelCode,AsOfDate,Score) VALUES(6, 6, '2019-03-04', 85)
INSERT INTO [SentimentAnalysisScores] (CustomerId,ChannelCode,AsOfDate,Score) VALUES(7, 7, '2019-03-10', 89)
INSERT INTO [SentimentAnalysisScores] (CustomerId,ChannelCode,AsOfDate,Score) VALUES(8, 8, '2019-03-14', 92)
INSERT INTO [SentimentAnalysisScores] (CustomerId,ChannelCode,AsOfDate,Score) VALUES(9, 9, '2019-03-13', 84)
INSERT INTO [SentimentAnalysisScores] (CustomerId,ChannelCode,AsOfDate,Score) VALUES(10,10,'2019-03-17', 83)